PWSID,y_true,y_probability,n_rows,fold,y_predicted
CT0040011,1,0.6827479348343025,6,2,1
CT0050062,0,0.2715134580306452,1,1,0
CT0070011,0,0.7271016154585455,2,5,1
CT0070021,1,0.5942978655794776,3,4,1
CT0090011,1,0.6364271970611005,1,4,1
CT0150011,1,0.6542301239744452,5,1,1
CT0170011,1,0.5852218973123561,4,2,1
CT0230011,1,0.4876680035819786,2,3,0
CT0261031,0,0.38888689708189284,2,5,0
CT0280011,1,0.3429962403015122,4,1,0
CT0320091,0,0.4019588415078771,1,2,0
CT0330011,1,0.7550390901806435,1,4,1
CT0340011,1,0.5693534205117328,2,5,1
CT0350011,1,0.6201802100867407,2,2,1
CT0450011,1,0.672952622266227,6,2,1
CT0473011,1,0.5744703738809773,7,1,1
CT0490021,1,0.6822891889276583,6,2,1
CT0520011,1,0.6994464057891104,4,1,1
CT0570011,1,0.40389417953119233,3,1,0
CT0570062,0,0.5968392172193524,1,2,1
CT0580011,1,0.4169279884773122,2,1,0
CT0590011,0,0.6454492906163201,1,3,1
CT0608011,1,0.545390795090695,9,4,1
CT0640011,0,0.7310003036912194,3,5,1
CT0690011,1,0.7739529681002012,2,1,1
CT0740011,0,0.47410799076751853,3,5,0
CT0770021,1,0.3629356088859355,7,3,0
CT0780021,1,0.339661068172762,2,2,0
CT0800011,1,0.8264051092232457,7,2,1
CT0810054,0,0.3734408669075112,1,2,0
CT0830011,0,0.7473397302787842,2,5,1
CT0880011,0,0.6005877962017354,1,2,1
CT0890011,0,0.7247840321652231,1,3,1
CT0900011,1,0.5360408317795796,1,1,1
CT0920011,0,0.47274281336650226,2,4,0
CT0930011,1,0.7099913279849631,11,3,1
CT0950011,0,0.5636425984851516,1,1,1
CT0960011,1,0.7713462592895085,5,4,1
CT0970011,1,0.6171972619721957,2,2,1
CT1030011,1,0.7522207756184541,2,3,1
CT1030021,0,0.5778921914649922,1,3,1
CT1040011,1,0.6567306450236757,3,2,1
CT1100011,1,0.8272384960413887,2,4,1
CT1110011,0,0.5405287811233843,2,3,1
CT1130011,1,0.45875008365445824,1,3,0
CT1160011,1,0.6943178736307775,3,4,1
CT1180011,1,0.5832624365320999,4,1,1
CT1240011,1,0.7779349452912122,4,3,1
CT1280021,1,0.7546242718231664,3,1,1
CT1300021,0,0.7611085569186786,1,1,1
CT1310011,1,0.5734980143186678,7,3,1
CT1350011,1,0.7396021808316656,2,4,1
CT1370011,0,0.5652744112039665,2,4,1
CT1400011,0,0.4811778218274037,1,2,0
CT1430011,0,0.23182966981618858,1,3,0
CT1510011,0,0.6344893696934087,1,1,1
CT1520071,0,0.5719900388291358,1,2,1
CT1530011,0,0.5277642532567567,1,3,1
CT1530021,0,0.6466560425715907,1,3,1
CT1620011,0,0.2921230129849243,1,1,0
CT1630011,1,0.35146980256577776,1,1,0
CT1666011,1,0.23394435289163093,1,1,0
MA1004000,0,0.18010162038979122,1,1,0
MA1005000,0,0.4718717849919013,1,3,0
MA1008000,0,0.3625229591653498,5,3,0
MA1015000,0,0.3219926458023261,2,5,0
MA1024000,0,0.3205157267650158,2,3,0
MA1061000,0,0.3060304578639611,1,2,0
MA1070000,0,0.1814975137351876,2,3,0
MA1074001,0,0.2480441574593325,1,1,0
MA1085000,0,0.46969541919771407,1,2,0
MA1087000,0,0.5609938331614006,4,4,1
MA1113000,0,0.10476294854177905,1,2,0
MA1114000,0,0.22063090799353846,2,1,0
MA1117002,0,0.2719445555872131,2,2,0
MA1127000,1,0.3584326526538663,3,3,0
MA1137000,0,0.5642869900429635,2,3,1
MA1150000,0,0.24734098782959157,1,1,0
MA1152000,0,0.3049111101197669,1,3,0
MA1159000,0,0.39341717561893214,1,2,0
MA1191000,0,0.40462424476136843,3,2,0
MA1192000,0,0.28632259884656347,2,5,0
MA1209000,1,0.12857997858218903,1,4,0
MA1214000,0,0.4476047075196799,3,4,0
MA1223000,0,0.578933124945202,4,5,1
MA1227000,0,0.4482758114364116,3,3,0
MA1236000,0,0.184352214462205,2,2,0
MA1275000,0,0.2845782228562042,1,3,0
MA1275001,0,0.47058682719765255,2,4,0
MA1276000,0,0.46023199043596835,2,2,0
MA1279000,0,0.6382492426829667,2,3,1
MA1281000,0,0.3923898672539511,1,1,0
MA1309000,1,0.3910332891902902,2,3,0
MA1325000,0,0.512231765457672,1,1,1
MA1329000,1,0.7200047204021548,6,3,1
MA1337010,0,0.2099416599746892,1,2,0
MA1339000,0,0.2908767654840076,1,1,0
MA1341000,0,0.03585774628948243,3,4,0
MA1341010,0,0.07085494810268572,1,2,0
MA2002000,1,0.6119382456732506,3,2,1
MA2011000,0,0.4925010609432335,1,4,0
MA2011004,0,0.315159232471214,1,1,0
MA2017000,1,0.5639601393115409,5,5,1
MA2019000,1,0.8613324394721655,2,1,1
MA2019001,1,0.5472066652767157,3,4,1
MA2021000,0,0.4102346071804666,1,5,0
MA2025000,1,0.7494120367510975,2,2,1
MA2032000,0,0.5040551603188984,1,5,1
MA2064000,0,0.2782388817337378,1,1,0
MA2080000,0,0.42425085521791367,1,1,0
MA2080006,0,0.4150478506395011,1,5,0
MA2097000,1,0.3561905672974947,2,1,0
MA2101000,1,0.7077562454412746,7,2,1
MA2103000,0,0.36146373827112593,2,4,0
MA2110000,1,0.5828760119990386,4,3,1
MA2115000,1,0.24878412935474964,2,2,0
MA2134000,1,0.615699299250255,4,4,1
MA2136000,1,0.5387948229232356,4,5,1
MA2138000,1,0.4047909786043008,1,1,0
MA2139000,1,0.6466659727574103,4,2,1
MA2141000,1,0.8202084721637046,2,5,1
MA2147000,0,0.4874421772229696,2,5,0
MA2151001,1,0.5058282860701382,2,3,1
MA2153000,1,0.7492285911055909,4,2,1
MA2158000,0,0.5663391424134948,1,3,1
MA2162000,1,0.5395780505155026,2,4,1
MA2170000,0,0.3373364403402416,1,2,0
MA2174000,1,0.7078532968255867,3,4,1
MA2175000,1,0.7097855872392264,3,2,1
MA2177000,1,0.7139860115887661,2,1,1
MA2185000,1,0.8216341151221515,2,2,1
MA2186000,1,0.639568390906366,3,4,1
MA2187000,1,0.5281134291676273,4,3,1
MA2208000,1,0.7055277384356001,3,2,1
MA2208001,0,0.45207363906230535,1,2,0
MA2212000,0,0.15587380369597573,1,1,0
MA2215000,0,0.2519346217428517,1,5,0
MA2216000,0,0.37721934608956315,2,3,0
MA2216006,0,0.23192693724366048,1,4,0
MA2226000,1,0.508626197360503,3,2,1
MA2228000,1,0.45558440866786415,1,2,0
MA2232000,1,0.19077413613458816,3,5,0
MA2257000,0,0.29778431834163877,1,2,0
MA2270000,1,0.7409116423327623,2,4,1
MA2270001,1,0.547504716562662,1,1,1
MA2271000,1,0.5883831273119803,1,5,1
MA2277000,0,0.31205149070345883,1,3,0
MA2278000,1,0.552392719903072,1,4,1
MA2280000,0,0.4361964463658993,2,4,0
MA2282000,1,0.5053689030366468,2,3,1
MA2287000,0,0.3255879637233431,2,2,0
MA2294000,1,0.22491439776494374,4,4,0
MA2299000,1,0.5126219152167726,5,3,1
MA2303000,0,0.6645706675974918,3,3,1
MA2304000,1,0.40834864706825874,3,1,0
MA2316000,1,0.4882238569418018,2,3,0
MA2321000,1,0.6329018748015225,4,5,1
MA2328000,1,0.803061866254608,5,2,1
MA2332000,0,0.4332204953542885,1,1,0
MA2343000,0,0.5257064608067187,1,2,1
MA2348000,1,0.4800801780665702,1,1,0
MA3007000,0,0.3935703960624417,1,1,0
MA3009000,0,0.5466663750853569,1,2,1
MA3010000,0,0.12041870669226436,1,3,0
MA3014000,1,0.7567236742966511,1,2,1
MA3023000,0,0.32488080869452823,1,1,0
MA3023002,0,0.16092113052072984,2,1,0
MA3026000,0,0.09293803354759558,1,4,0
MA3030000,1,0.5780015185445848,1,3,1
MA3031000,1,0.5241306898228341,1,1,1
MA3035000,0,0.0817088767134674,1,3,0
MA3046000,0,0.06537802180281828,1,4,0
MA3048000,1,0.6731712290646286,2,1,1
MA3049000,1,0.272510153940535,1,3,0
MA3056000,1,0.5690294625903577,4,1,1
MA3056002,0,0.6490750762393892,1,5,1
MA3057000,0,0.1490723972809466,1,1,0
MA3067000,1,0.5866908722471849,6,1,1
MA3071000,1,0.6767139236828388,2,2,1
MA3073000,1,0.7060686226979238,3,5,1
MA3079000,1,0.6407148503861569,3,2,1
MA3079001,0,0.6442668454937959,2,2,1
MA3093000,0,0.09232155770180096,1,4,0
MA3100000,0,0.3039950807901345,1,1,0
MA3105000,0,0.4595622369798934,1,1,0
MA3107000,0,0.5691326203911401,2,2,1
MA3116000,1,0.5243069478912005,2,3,1
MA3119000,1,0.5508284576395982,2,3,1
MA3128000,0,0.6194711696988716,1,2,1
MA3144000,1,0.5348613499016915,5,1,1
MA3149000,1,0.628925891985113,1,2,1
MA3155000,0,0.25985593809086666,1,1,0
MA3157000,1,0.5177440381253596,2,3,1
MA3160000,1,0.4269119569811158,1,3,0
MA3163000,1,0.5719977125601997,1,5,1
MA3164000,1,0.49495729112895226,3,1,0
MA3164001,0,0.13080718976257644,1,4,0
MA3165000,0,0.1240175857826713,1,3,0
MA3166000,1,0.4899372061239226,2,5,0
MA3168000,0,0.06418985024445976,1,2,0
MA3176000,0,0.12223808593062446,1,5,0
MA3178000,0,0.14339289015747764,1,5,0
MA3180000,1,0.4469496054406457,2,1,0
MA3181000,1,0.45920469810466785,1,2,0
MA3184000,1,0.594843955956415,1,3,1
MA3189000,0,0.31863438085533136,1,2,0
MA3196000,0,0.10673320507841823,1,1,0
MA3198000,1,0.7495635075549821,4,3,1
MA3199000,1,0.6577762121650541,2,5,1
MA3206000,1,0.5026874550938728,2,1,1
MA3207000,0,0.06864305096685161,1,5,0
MA3210000,0,0.5972748323965166,1,1,1
MA3213000,1,0.7357005427959763,1,1,1
MA3229000,1,0.45505655151369345,3,3,0
MA3243000,0,0.11945164023072276,1,1,0
MA3246000,0,0.345266049180875,1,3,0
MA3248000,1,0.17034559192354673,1,4,0
MA3252000,0,0.158755026411988,1,1,0
MA3254000,1,0.48264387810512116,2,5,0
MA3258000,1,0.5583769517000929,1,5,1
MA3259000,1,0.7527402536005432,2,3,1
MA3262000,0,0.20039019383226245,1,4,0
MA3274000,0,0.09232155770180096,1,4,0
MA3284000,0,0.21295304013777558,1,4,0
MA3288000,1,0.5336451311037276,5,5,1
MA3291000,0,0.10182122946616042,1,1,0
MA3295000,1,0.6352269192118235,1,4,1
MA3298000,1,0.47649875000776126,1,3,0
MA3301000,1,0.6154159836546218,2,4,1
MA3305000,1,0.38237248367677656,2,1,0
MA3308000,0,0.317381172442686,1,2,0
MA3314000,0,0.2425462404700529,1,1,0
MA3315000,1,0.6226860579600962,4,4,1
MA3317000,1,0.7755379403703667,4,3,1
MA3320000,1,0.47692490268610416,1,4,0
MA3324000,0,0.6661835609316833,1,1,1
MA3330000,1,0.5098910081283131,2,2,1
MA3330019,1,0.46799575753083617,1,4,0
MA3333000,0,0.3084261387001425,1,2,0
MA3342000,0,0.7843561929720991,3,3,1
MA3344000,0,0.6886978088450478,2,5,1
MA3346000,0,0.3012104052892512,1,2,0
MA3347000,1,0.6160996966876437,2,5,1
MA4001000,1,0.6539402251875427,3,2,1
MA4003000,0,0.5200356778465377,1,5,1
MA4016000,1,0.6408079816676383,2,3,1
MA4018000,1,0.49144029097962333,2,4,0
MA4020000,1,0.5303958823657351,3,4,1
MA4020002,1,0.6633717704069668,14,4,1
MA4020003,0,0.5380766567837422,5,4,1
MA4020004,1,0.336405112983377,3,2,0
MA4036000,1,0.17443823163494054,7,4,0
MA4036001,0,0.24080619273691647,5,4,0
MA4036002,1,0.4948426807631191,2,3,0
MA4040000,1,0.5525541856348469,1,4,1
MA4041000,0,0.1015810441398863,5,4,0
MA4042000,1,0.7419647078598448,3,2,1
MA4044000,0,0.2542271853664415,1,5,0
MA4050000,1,0.428643961368929,3,1,0
MA4055000,0,0.3335027696421871,5,3,0
MA4065000,0,0.6298167977242307,1,1,1
MA4072000,1,0.7188641533391715,4,4,1
MA4075000,1,0.39798988525935614,9,3,0
MA4076000,1,0.4635724339982666,1,2,0
MA4076004,0,0.28463603055480896,1,4,0
MA4082000,1,0.7135272517412715,8,5,1
MA4083000,1,0.6250788091373141,2,5,1
MA4086095,0,0.5012308537588036,2,3,1
MA4088000,1,0.618113136334257,4,1,1
MA4089000,0,0.11990559721213548,5,2,0
MA4094000,0,0.5544032954618751,1,1,1
MA4095000,0,0.49228251652096383,1,3,0
MA4096000,0,0.2316729017602247,4,2,0
MA4096001,0,0.18917088795464643,1,1,0
MA4099000,1,0.7704503722673022,3,1,1
MA4118000,1,0.4494206961788131,4,5,0
MA4122000,1,0.7748586410869133,3,4,1
MA4123000,1,0.5697161340183906,1,5,1
MA4126000,0,0.32075792682740845,5,3,0
MA4131000,1,0.63287040839498,2,2,1
MA4133000,1,0.6405279004368417,1,2,1
MA4145000,0,0.48924694871127367,5,3,0
MA4167000,1,0.7273293465303258,3,5,1
MA4169000,0,0.47628318974844913,1,4,0
MA4171000,1,0.8036572839914227,16,5,1
MA4172039,1,0.29007411529611477,6,5,0
MA4173000,0,0.5726037233370822,1,4,1
MA4173001,0,0.20200775281102737,2,2,0
MA4182000,1,0.09878917710963482,10,5,0
MA4197000,0,0.0760368751169363,3,4,0
MA4201000,1,0.4322817319866864,1,1,0
MA4211000,1,0.825775948867539,4,3,1
MA4218000,1,0.6339969143708213,3,4,1
MA4219000,1,0.723946398183023,3,4,1
MA4220000,0,0.3026231615248434,1,1,0
MA4221000,1,0.520127965674608,5,5,1
MA4224000,0,0.12353492876269312,2,3,0
MA4231000,1,0.7826432828852936,3,5,1
MA4238000,1,0.6300654808112912,2,4,1
MA4239000,1,0.5855367639820286,11,4,1
MA4239055,1,0.48900357063184163,1,2,0
MA4242000,0,0.026705327044329524,2,4,0
MA4244000,1,0.5520755905458561,1,3,1
MA4244001,1,0.3073870760717479,1,3,0
MA4245000,1,0.5881485279651631,3,4,1
MA4245002,1,0.4357727788980052,2,2,0
MA4261000,0,0.36744264883285815,10,3,0
MA4261024,0,0.14076126337650124,3,3,0
MA4264000,1,0.6558511859627741,4,3,1
MA4265000,1,0.530608703290565,1,2,1
MA4266000,1,0.7587455043013331,6,2,1
MA4273000,0,0.5043967377616789,1,5,1
MA4292000,1,0.70174576360907,4,2,1
MA4293000,0,0.3822855335359544,1,1,0
MA4296000,0,0.4938553413851693,3,5,0
MA4307000,1,0.8523985206487577,2,4,1
MA4310000,0,0.41465934470978844,2,4,0
MA4322000,1,0.5336451311037276,4,5,1
MA4336000,1,0.7149247883074111,2,5,1
MA4338000,1,0.4979477262985588,1,4,0
MA4350000,1,0.44809087836453204,3,1,0
MA4351000,1,0.26933408946844273,15,5,0
ME0000147,1,0.31992115591896186,1,1,0
ME0090070,0,0.23571100040941267,1,4,0
ME0090110,0,0.19749803978066072,1,3,0
ME0090120,1,0.22079821087567927,1,3,0
ME0090130,0,0.21786138028890958,1,5,0
ME0090140,1,0.23268066736116322,2,2,0
ME0090170,0,0.5822062550087621,1,1,1
ME0090200,0,0.4759972351568036,1,1,0
ME0090220,0,0.24234788560405637,1,4,0
ME0090260,0,0.36042781110760946,3,3,0
ME0090300,0,0.41365565775469393,1,2,0
ME0090320,0,0.10713244003179041,1,3,0
ME0090520,0,0.10051265847493526,1,3,0
ME0090540,0,0.11683650961151451,2,3,0
ME0090570,1,0.319763643898996,1,2,0
ME0090610,1,0.3951456761038873,1,3,0
ME0090660,0,0.0989603897104989,3,2,0
ME0090700,1,0.10150502834307747,2,1,0
ME0090750,1,0.1214767687887208,1,2,0
ME0090760,0,0.755953063902987,5,5,1
ME0090790,0,0.6453842033705647,1,3,1
ME0090830,0,0.30140402263146104,1,2,0
ME0090870,1,0.4414794075134431,4,3,0
ME0090930,0,0.37726515649788706,2,5,0
ME0090990,0,0.3967813030891688,1,2,0
ME0091200,0,0.14939600475590076,1,3,0
ME0091210,0,0.1406468487446287,1,5,0
ME0091300,0,0.08971485775358747,1,4,0
ME0091310,0,0.39753347744860057,1,4,0
ME0091380,0,0.14089158757753154,2,4,0
ME0091410,1,0.4500536192283398,6,3,0
ME0091450,0,0.34625044150723905,1,4,0
ME0091540,0,0.0893770451352399,1,1,0
ME0091550,0,0.3083469550871663,1,2,0
ME0091670,1,0.20815472073912938,4,4,0
ME0091680,0,0.4638661870893237,1,5,0
ME0092559,0,0.6657919256074365,1,2,1
ME0092710,0,0.6094536418921361,1,4,1
NH0161020,0,0.38883355377998075,2,3,0
NH0162170,0,0.2202837326431299,1,4,0
NH0192080,1,0.4486577346342884,1,5,0
NH0231010,0,0.10163578779736306,2,4,0
NH0251010,0,0.16656393646610404,3,4,0
NH0301010,0,0.07087462055380711,3,3,0
NH0446020,0,0.40631985263020887,1,3,0
NH0461010,0,0.16915629845507574,1,3,0
NH0501010,0,0.1235745787103056,1,3,0
NH0511030,0,0.5604798590196246,5,5,1
NH0512120,0,0.12533448355012106,1,1,0
NH0611010,1,0.3249133066884562,1,4,0
NH0651010,0,0.4334537850521309,5,2,0
NH0691010,0,0.284271720578158,2,1,0
NH0801010,1,0.5088422893998551,2,3,1
NH0851010,0,0.06347178425477329,4,3,0
NH0951010,0,0.08738846297154586,1,2,0
NH1031010,1,0.6734759909985407,12,2,1
NH1051010,1,0.5112340586486368,4,3,1
NH1071010,0,0.18856575039938253,1,1,0
NH1181010,1,0.27993283436994165,1,2,0
NH1196050,0,0.45417202346689073,1,4,0
NH1201010,1,0.5643333562768996,1,1,1
NH1221010,1,0.19672861230784847,4,1,0
NH1241010,0,0.16104418025539122,3,3,0
NH1281010,0,0.15329910148952844,1,5,0
NH1321010,0,0.025729988690431176,1,4,0
NH1371010,1,0.713232901887899,2,3,1
NH1381010,0,0.07843128219423996,1,4,0
NH1391010,1,0.36314127088529163,1,4,0
NH1461010,0,0.16838866654905735,2,4,0
NH1471010,1,0.18557770377326094,1,3,0
NH1531010,0,0.4199044295010622,3,4,0
NH1561010,0,0.651268772483782,2,5,1
NH1621010,0,0.3627566382977492,1,5,0
NH1622010,0,0.41025547769576376,1,2,0
NH1721010,0,0.17297833745804006,1,2,0
NH1731010,0,0.22686294465382043,2,5,0
NH1741010,0,0.13410124520088545,2,1,0
NH1861010,1,0.24924438945681968,4,4,0
NH1871010,0,0.16516268340290072,3,2,0
NH1941010,0,0.07998757546839691,2,2,0
NH1951010,1,0.5626352521581711,8,1,1
NH1951020,1,0.8210941553279938,1,4,1
NH1971010,1,0.16254298476782178,3,1,0
NH2001010,0,0.4281250266904097,2,2,0
NH2051010,1,0.3306469091523461,2,4,0
NH2111010,1,0.43397607384322284,4,4,0
NH2151010,0,0.28514210943885215,1,3,0
NH2561010,0,0.09247901805518892,1,4,0
NJ0102001,1,0.2181071276470915,1,5,0
NJ0102301,0,0.2361555814899436,1,3,0
NJ0103001,1,0.06788377541148512,3,4,0
NJ0104003,0,0.06247243619865475,2,5,0
NJ0107001,0,0.30445775139428816,1,4,0
NJ0108352,0,0.31773897929405825,1,5,0
NJ0111304,0,0.3460547821494038,1,1,0
NJ0112001,1,0.2827268647085331,5,2,0
NJ0112325,0,0.30805098235877326,1,4,0
NJ0113001,0,0.2639972321169073,3,4,0
NJ0115001,0,0.10769295682026968,1,3,0
NJ0116001,0,0.4831730695868066,2,2,0
NJ0119002,1,0.22800702657062016,14,5,0
NJ0122001,0,0.5597701660010705,3,4,1
NJ0201001,1,0.836676794411099,4,2,1
NJ0211001,1,0.7029892917659663,1,4,1
NJ0217001,1,0.838370545819466,3,5,1
NJ0220001,1,0.9071778743820313,2,5,1
NJ0221001,1,0.8738242044300166,4,4,1
NJ0228001,1,0.4110434969856465,4,1,0
NJ0231001,1,0.8922713994497727,1,3,1
NJ0232001,1,0.6412162600420179,1,4,1
NJ0233001,1,0.8135412208641694,4,3,1
NJ0238001,1,0.7269564453181532,3,4,1
NJ0239001,1,0.856921763517954,1,1,1
NJ0242001,1,0.8002256372056811,4,3,1
NJ0247001,1,0.9449825006242406,13,2,1
NJ0248001,1,0.8802326704516547,6,2,1
NJ0251001,1,0.8576988410584424,17,2,1
NJ0257001,1,0.5655446480292313,1,1,1
NJ0264001,1,0.6940754711425782,5,3,1
NJ0265001,1,0.8526941959653929,1,4,1
NJ0303001,0,0.33669115987056775,1,3,0
NJ0305001,1,0.6614223412554701,1,2,1
NJ0306001,1,0.1737522465803437,3,4,0
NJ0313001,1,0.5434951403704102,11,2,1
NJ0315001,1,0.4777865924276953,1,3,0
NJ0319001,1,0.5936572081981935,2,4,1
NJ0320001,1,0.5872107891764845,8,5,1
NJ0322001,1,0.6749648878540162,5,2,1
NJ0323001,1,0.5347115172378694,4,5,1
NJ0324001,1,0.7956961733711453,3,1,1
NJ0325001,0,0.6131455666144127,4,3,1
NJ0326006,0,0.07133665940559054,2,5,0
NJ0327001,1,0.7316604597364141,11,4,1
NJ0329003,0,0.057288442632454126,2,3,0
NJ0333001,0,0.3300945770709306,4,5,0
NJ0338001,1,0.3292968889842034,4,1,0
NJ0404001,0,0.591941239467433,2,4,1
NJ0405001,1,0.6076876702459733,4,1,1
NJ0407001,1,0.40222760971107485,1,3,0
NJ0408001,1,0.5602282921892039,3,5,1
NJ0411001,0,0.2151453054941039,3,3,0
NJ0412001,0,0.5538070232469098,1,2,1
NJ0414001,0,0.26086182013627585,1,5,0
NJ0415002,1,0.6320156026272676,9,4,1
NJ0416001,0,0.7702071101706883,2,4,1
NJ0424001,1,0.7535457190907222,6,1,1
NJ0428002,0,0.5323905920281339,4,3,1
NJ0436007,1,0.6032807860843978,7,5,1
NJ0501001,0,0.10820897554978977,5,2,0
NJ0502001,0,0.07035316371426677,2,4,0
NJ0503001,0,0.18052310001091967,1,5,0
NJ0505002,0,0.18266392296647221,6,5,0
NJ0506010,0,0.27654805463987986,3,4,0
NJ0508001,0,0.5049360593478378,8,3,1
NJ0509001,0,0.1204671219772484,4,3,0
NJ0514001,0,0.12607266508257634,7,3,0
NJ0601001,0,0.5070045632728399,4,3,1
NJ0609001,0,0.03932177234028725,5,4,0
NJ0610001,1,0.0674129110629401,4,4,0
NJ0614003,1,0.27239002196528445,7,4,0
NJ0701001,0,0.6502192527645209,1,5,1
NJ0702001,0,0.7717993846585026,1,2,1
NJ0703001,1,0.5615912520739675,1,1,1
NJ0704001,1,0.7196880790620112,2,4,1
NJ0705001,1,0.8796754318424376,1,5,1
NJ0707001,1,0.8323568845140475,1,1,1
NJ0708001,1,0.7098232746658443,1,4,1
NJ0710001,1,0.8533091736822594,10,4,1
NJ0712001,1,0.884756223651007,12,2,1
NJ0713001,1,0.9011691911993316,3,3,1
NJ0714001,1,0.8183772855013961,2,4,1
NJ0715001,1,0.8711866120070173,1,5,1
NJ0717001,1,0.8719583472873939,1,3,1
NJ0718001,1,0.79350773942765,1,5,1
NJ0719001,1,0.8188273494054741,1,1,1
NJ0721001,1,0.6217410646853812,1,2,1
NJ0801001,1,0.29663737354612085,2,2,0
NJ0802001,1,0.5874295275360003,8,5,1
NJ0803001,1,0.5250172203290099,4,5,1
NJ0806001,1,0.6279612362395656,5,4,1
NJ0807001,0,0.6433289335797365,2,5,1
NJ0808001,0,0.6286478041158058,2,3,1
NJ0809002,1,0.6025098549243814,3,1,1
NJ0810004,1,0.6391471876610775,6,4,1
NJ0811002,1,0.5611312182631878,8,3,1
NJ0814001,1,0.5751561239305599,2,5,1
NJ0815001,1,0.6030986995835118,3,5,1
NJ0817305,0,0.30157393804155724,1,1,0
NJ0818004,1,0.6203665668127221,11,2,1
NJ0820001,1,0.6153485008848358,6,5,1
NJ0820301,1,0.23067245672579034,1,3,0
NJ0821001,1,0.5316373207635139,1,1,1
NJ0822001,1,0.7308181484631064,3,5,1
NJ0824001,0,0.572241250450451,2,4,1
NJ0901001,1,0.7129292693353642,1,1,1
NJ0904001,1,0.8459681727528446,1,1,1
NJ0905001,1,0.49346992251751104,1,5,0
NJ0906001,1,0.755575104924994,1,1,1
NJ0907001,1,0.8847593696573779,1,2,1
NJ1005001,1,0.605767141096577,10,3,1
NJ1009001,1,0.858365660032065,4,1,1
NJ1014001,1,0.4725685566681812,2,3,0
NJ1017001,0,0.5661237986985004,1,1,1
NJ1101002,0,0.5666207868545169,4,2,1
NJ1103001,1,0.8598435896422324,5,3,1
NJ1104001,0,0.4174152300540805,1,1,0
NJ1106316,1,0.6641457958512845,1,3,1
NJ1106319,1,0.1478961881945523,1,3,0
NJ1107002,1,0.21984531638004293,2,1,0
NJ1111001,0,0.7805083338462134,1,4,1
NJ1204001,1,0.7390610507264904,1,4,1
NJ1205001,1,0.8157746964200036,2,1,1
NJ1207001,1,0.792798247200359,1,2,1
NJ1209002,1,0.7345380017730554,4,4,1
NJ1212001,1,0.7668426353846035,1,5,1
NJ1213002,1,0.37844692766236154,6,5,0
NJ1214001,1,0.573684897666532,1,3,1
NJ1215001,0,0.7528088598543192,1,1,1
NJ1216001,1,0.7227404039592485,1,5,1
NJ1219001,1,0.7093411850240086,1,5,1
NJ1221004,1,0.8327522127892598,4,5,1
NJ1223001,1,0.7243037305029784,2,2,1
NJ1224001,1,0.732726349475214,1,2,1
NJ1225001,1,0.8504838960665367,3,1,1
NJ1302001,0,0.5092025820753875,1,4,1
NJ1304001,0,0.22628085609498585,1,4,0
NJ1305001,1,0.6267864521990665,2,4,1
NJ1306001,1,0.5909280056886644,2,5,1
NJ1308001,1,0.6643425143080024,2,4,1
NJ1312001,1,0.6875224787982522,2,4,1
NJ1315001,0,0.38478724302830647,1,4,0
NJ1316001,1,0.6674020130433878,4,4,1
NJ1321001,1,0.7541339389982012,2,3,1
NJ1322001,1,0.7180198416781846,2,1,1
NJ1326001,1,0.4667662813127307,4,1,0
NJ1326002,1,0.5877017021964127,2,2,1
NJ1327001,0,0.3113674184395342,1,2,0
NJ1328002,1,0.7471018194609172,3,2,1
NJ1329001,1,0.7055271391029175,2,5,1
NJ1330002,0,0.6390241549175677,1,4,1
NJ1332313,0,0.3043526078877072,1,2,0
NJ1339001,1,0.7650400173276835,3,3,1
NJ1340001,1,0.55717503191474,1,2,1
NJ1345001,1,0.4934413128069661,15,1,0
NJ1348001,0,0.48448795839043196,3,5,0
NJ1349001,1,0.703634061524708,2,3,1
NJ1350001,1,0.6759943494078068,1,2,1
NJ1352003,1,0.5029264043097498,6,2,1
NJ1401001,1,0.9076219118729704,2,4,1
NJ1403001,1,0.8867711864659928,1,2,1
NJ1404001,0,0.8511539344072353,1,3,1
NJ1406325,1,0.6547100750597921,1,3,1
NJ1408001,1,0.8305898726004346,5,2,1
NJ1409001,1,0.6221033370006439,2,2,1
NJ1410001,1,0.8603748785298101,3,4,1
NJ1411001,1,0.8046599012640598,4,5,1
NJ1414003,1,0.7670590841031737,3,3,1
NJ1414011,1,0.835713963091161,2,1,1
NJ1416001,1,0.7514845029671425,1,4,1
NJ1417001,1,0.7172448588197055,4,4,1
NJ1420001,0,0.46641184162178373,1,5,0
NJ1421003,1,0.8343946027703714,4,2,1
NJ1424001,1,0.9155444702050702,9,2,1
NJ1425001,1,0.7085191863028732,4,3,1
NJ1426005,0,0.8220241386182566,1,4,1
NJ1427001,1,0.6536723309619276,3,4,1
NJ1427005,1,0.608287475457522,3,3,1
NJ1427007,0,0.8741363578524209,1,2,1
NJ1427017,1,0.49576155886397066,3,4,0
NJ1428001,1,0.7931436071249424,3,4,1
NJ1429001,1,0.6724028055442198,14,5,1
NJ1431001,0,0.7513813531148958,1,4,1
NJ1432003,0,0.7036167792102785,2,1,1
NJ1434001,1,0.5661704163558618,1,2,1
NJ1435002,1,0.6075704431270859,3,2,1
NJ1435003,1,0.8826248709311593,1,5,1
NJ1436002,0,0.6279360083054507,4,4,1
NJ1436003,1,0.6975478343475966,2,1,1
NJ1436004,1,0.7929922174560583,2,5,1
NJ1438003,1,0.7188649422849157,3,5,1
NJ1438004,1,0.44077701801419117,8,4,0
NJ1439001,1,0.7779318317391818,3,4,1
NJ1501001,0,0.22883908005067002,2,5,0
NJ1503001,0,0.15548155794778964,1,3,0
NJ1504001,0,0.2972076134910525,1,4,0
NJ1505002,0,0.2879369404507379,3,3,0
NJ1505003,0,0.12646746561119945,2,5,0
NJ1505004,0,0.39290837672785217,1,5,0
NJ1506001,1,0.4744792960747669,1,2,0
NJ1507005,1,0.2052234386957113,7,5,0
NJ1509001,0,0.10553472631670355,2,3,0
NJ1511001,0,0.3449615462273979,7,2,0
NJ1511415,0,0.3349434735002195,1,1,0
NJ1512001,0,0.22561257582849098,2,5,0
NJ1514002,1,0.5170029554622274,7,3,1
NJ1515001,0,0.08398001928708398,2,1,0
NJ1516001,0,0.19111150321634884,5,2,0
NJ1517001,0,0.12453075561165494,3,3,0
NJ1518004,1,0.5130649249575367,4,1,1
NJ1518005,1,0.4858552245999874,3,2,0
NJ1520001,0,0.40865441475358816,2,4,0
NJ1524001,1,0.5931567115835072,5,1,1
NJ1525001,1,0.4586466521151505,1,2,0
NJ1526001,0,0.3213851276283365,1,4,0
NJ1527001,0,0.12243793691315244,3,5,0
NJ1528001,0,0.10150499614595397,1,1,0
NJ1530004,0,0.15097304361844607,3,5,0
NJ1531001,0,0.056231975493789825,3,4,0
NJ1532002,0,0.09468860631570271,1,4,0
NJ1533001,0,0.15558193573598242,4,2,0
NJ1601001,1,0.5637777290812899,1,5,1
NJ1603001,1,0.8460484854369335,1,1,1
NJ1604001,1,0.9157172032345835,4,4,1
NJ1605001,1,0.8074002755700378,2,1,1
NJ1605002,1,0.7733056813972734,1,2,1
NJ1609001,0,0.8069006494123259,2,2,1
NJ1611002,1,0.8839778544338884,4,1,1
NJ1612001,1,0.8185639106030542,1,3,1
NJ1613002,1,0.9171109140309653,4,1,1
NJ1614001,1,0.7118365460707263,1,4,1
NJ1616001,1,0.8909280129622416,2,2,1
NJ1707001,1,0.5522033756324731,2,5,1
NJ1708001,1,0.1533524280171126,3,5,0
NJ1712001,1,0.3143515821268676,1,1,0
NJ1715001,0,0.2979098646192946,2,3,0
NJ1808001,1,0.8076309319649212,3,2,1
NJ1904357,0,0.7216177194557207,1,5,1
NJ1906002,0,0.7408058837446694,1,1,1
NJ1908322,0,0.18483766694504675,1,3,0
NJ1909001,1,0.3037974802476957,2,2,0
NJ1910337,0,0.3368166952866016,1,2,0
NJ1912001,1,0.7450228857013234,7,5,1
NJ1915001,0,0.29907990292307673,1,4,0
NJ1918004,1,0.4827098631548012,13,5,0
NJ1919001,1,0.660701045413572,3,3,1
NJ1922026,1,0.4664183951089077,1,2,0
NJ1922350,0,0.3357165114322472,1,1,0
NJ1924316,0,0.22677672074187405,1,5,0
NJ2004001,1,0.7648235072285647,1,3,1
NJ2004002,1,0.7921703557149965,7,3,1
NJ2013001,1,0.6873246169783024,1,3,1
NJ2101001,1,0.4321524430768107,1,1,0
NJ2108001,0,0.6048561468239597,4,3,1
NJ2113002,0,0.4661867910091077,1,4,0
NJ2119001,0,0.47612964780087896,1,5,0
NJ2121001,1,0.5047605047385121,6,2,1
NY0100189,0,0.2918505782902767,1,4,0
NY0100191,0,0.24340357750698483,3,2,0
NY0100192,0,0.35325386992285884,1,5,0
NY0100194,1,0.19347923725688482,1,4,0
NY0100198,0,0.5764886673653931,1,2,1
NY0100200,0,0.13186457601973486,1,4,0
NY0100201,1,0.14944837101405573,1,4,0
NY0100203,1,0.20088850327590568,2,3,0
NY0100205,0,0.44962858036208747,1,5,0
NY0110127,0,0.3970871306917754,1,3,0
NY0200319,0,0.05238368358706631,2,2,0
NY0200327,1,0.08305899907181771,1,3,0
NY0220581,0,0.06464425229477519,1,4,0
NY0301651,1,0.29618681934290225,2,4,0
NY0301653,1,0.4768316774368062,6,1,0
NY0301665,0,0.2597600844593104,1,5,0
NY0301668,1,0.2723207644829057,3,5,0
NY0301674,1,0.26864923113940076,3,2,0
NY0400345,0,0.28191016992776413,3,3,0
NY0400349,1,0.09998682902674352,2,4,0
NY0420357,0,0.31487407854281474,2,1,0
NY0420358,0,0.33713759440585916,1,1,0
NY0501710,0,0.13390982869622484,1,2,0
NY0501717,0,0.10510894710501803,2,4,0
NY0501720,0,0.08798641759308629,2,1,0
NY0600360,0,0.19204423119864703,1,2,0
NY0600364,0,0.1820864946548934,1,2,0
NY0600366,0,0.31251078495901835,2,3,0
NY0600381,0,0.18622778339690135,1,2,0
NY0615782,0,0.10046695917267628,1,2,0
NY0701008,0,0.16728124713067719,1,3,0
NY0701009,0,0.47381680388362973,2,2,0
NY0701011,1,0.4659251005849678,3,3,0
NY0801745,0,0.08625054207914123,2,5,0
NY0900217,1,0.15869568570127965,1,5,0
NY0900220,0,0.28065289514117897,1,4,0
NY0904192,0,0.12439828627619928,1,3,0
NY1000238,0,0.33501763479563657,1,5,0
NY1000239,0,0.1721712970908691,1,2,0
NY1100634,0,0.16500738981835403,1,3,0
NY1101754,0,0.17082494371702558,2,2,0
NY1101755,1,0.03594020071915808,2,2,0
NY1101757,0,0.1120397923240123,2,3,0
NY1200257,0,0.18263382613909115,2,4,0
NY1200270,1,0.16212189352737896,2,4,0
NY1302760,0,0.22458222126208405,1,5,0
NY1302765,0,0.4129274010751157,1,2,0
NY1302766,1,0.267989522867361,1,1,0
NY1302776,0,0.21847203790940098,1,4,0
NY1302783,0,0.25744406855211927,1,5,0
NY1302794,1,0.22765313328013045,1,3,0
NY1302796,0,0.19141627018785035,1,4,0
NY1302812,0,0.272937554654656,1,3,0
NY1319317,0,0.35305882178565906,1,4,0
NY1330291,0,0.30394258196823476,1,2,0
NY1330550,1,0.1382000624521998,1,5,0
NY1330660,1,0.24920375242021506,3,1,0
NY1400411,0,0.22974894044777525,1,4,0
NY1400422,0,0.3698379784183315,1,2,0
NY1400433,1,0.24953016594043936,1,2,0
NY1400443,0,0.25167930558507395,2,4,0
NY1400451,0,0.38072631161821796,1,2,0
NY1400539,0,0.17425259208357266,1,5,0
NY1404556,0,0.1015318365250517,1,3,0
NY1410142,0,0.2598778729640907,1,5,0
NY1415379,0,0.22349659931003701,1,3,0
NY1420549,0,0.35169334568026706,1,2,0
NY1500284,0,0.11241108232763512,1,3,0
NY1500286,0,0.29923805685198224,1,3,0
NY1500293,1,0.07433903552146034,3,3,0
NY1500299,0,0.41710742188986366,1,5,0
NY1600008,0,0.09699208986152193,1,1,0
NY1600011,0,0.1360408630223434,1,3,0
NY1600012,0,0.14311898951030913,2,3,0
NY1700018,0,0.36405648685391667,1,1,0
NY1700019,0,0.150788885901639,2,4,0
NY1800544,1,0.37283194190663804,1,4,0
NY1800554,0,0.3194308983694181,2,5,0
NY1900026,1,0.10241807350877137,1,4,0
NY1900027,0,0.09294082577369885,1,2,0
NY1920318,0,0.09543055845305366,3,2,0
NY1930059,1,0.08100283987810726,2,3,0
NY2102300,0,0.09297994861310693,1,5,0
NY2102306,0,0.2235304230621693,1,5,0
NY2102307,0,0.18525240512647348,1,2,0
NY2102308,0,0.16575474076274352,1,4,0
NY2102313,0,0.13153414751091652,1,3,0
NY2202334,0,0.12825505377305613,1,4,0
NY2202346,0,0.10471967591373069,1,2,0
NY2212214,1,0.17971250391009058,2,5,0
NY2221206,1,0.23170195161615353,4,2,0
NY2402365,0,0.10174326738906428,1,1,0
NY2501015,0,0.2207873519008521,1,3,0
NY2501017,0,0.3015354915819271,1,4,0
NY2501019,0,0.38576454843134317,1,2,0
NY2501023,0,0.17055192230135213,1,3,0
NY2602371,0,0.18632097927921648,1,5,0
NY2602377,0,0.16603634007512724,2,3,0
NY2602379,0,0.10751580880273746,1,5,0
NY2602381,0,0.16880854332124293,1,1,0
NY2613319,0,0.07106976473666185,1,2,0
NY2701039,0,0.4284991280224027,1,3,0
NY2701045,1,0.20088734995603202,1,5,0
NY2701047,0,0.4811987480738525,5,5,0
NY2701118,0,0.27662115498753265,1,5,0
NY2704518,0,0.42831667100493237,2,2,0
NY2800136,0,0.24497524803302034,1,3,0
NY2800139,0,0.053905355416889796,1,3,0
NY2900000,1,0.4257186278737173,13,2,0
NY2902815,1,0.36959050487177,4,4,0
NY2902816,0,0.47908770166264897,3,2,0
NY2902817,1,0.24088769367002363,5,1,0
NY2902818,0,0.5361165377062888,3,3,1
NY2902822,0,0.21301688661771587,3,4,0
NY2902823,0,0.22699850694959,3,2,0
NY2902824,1,0.31307187899212996,6,4,0
NY2902825,1,0.5270497843857577,5,1,1
NY2902826,1,0.26183748868073964,4,2,0
NY2902827,1,0.2884943572867734,2,4,0
NY2902829,1,0.20005899882047493,8,4,0
NY2902830,1,0.5689931363464954,13,2,1
NY2902831,1,0.17714841645703758,17,5,0
NY2902833,1,0.2457380338817247,5,5,0
NY2902834,0,0.09739063291090806,1,5,0
NY2902835,1,0.27504205078590616,18,5,0
NY2902836,1,0.09197163498374857,10,5,0
NY2902837,0,0.21833120503255715,9,3,0
NY2902839,1,0.3054416572445855,3,4,0
NY2902840,0,0.1740190909640378,7,5,0
NY2902841,0,0.5343783022909847,8,2,1
NY2902843,0,0.32730457402120955,1,5,0
NY2902845,1,0.4662254203634592,5,5,0
NY2902848,0,0.16871014760083325,4,4,0
NY2902851,1,0.40094173192847554,8,5,0
NY2902853,0,0.338686251901336,2,3,0
NY2902854,0,0.4206177806977993,7,3,0
NY2902856,1,0.5323626821059749,7,3,1
NY2902857,0,0.32126616234451605,2,3,0
NY2902858,1,0.40526817280831157,2,2,0
NY2912267,1,0.5153655974402631,9,3,1
NY3100557,0,0.2771203213367162,1,4,0
NY3100561,1,0.24072599619998594,1,5,0
NY3100563,0,0.3252446756292276,1,2,0
NY3100564,0,0.3233564143613068,1,4,0
NY3100568,0,0.18596698861549274,1,5,0
NY3100571,0,0.28588104875837006,1,4,0
NY3100572,0,0.3987144518790991,1,1,0
NY3100573,1,0.18615932158718945,1,3,0
NY3100574,0,0.20850850949468194,2,3,0
NY3100577,0,0.4429695103358663,1,1,0
NY3100580,0,0.1895502643895119,1,3,0
NY3100585,0,0.3282389391967247,1,1,0
NY3100587,0,0.24965987511523915,1,5,0
NY3100588,0,0.2766143189668067,1,2,0
NY3100595,0,0.3489059202727496,1,1,0
NY3202405,0,0.2961369788209617,1,5,0
NY3202411,0,0.18108734521258232,1,4,0
NY3304307,0,0.3195271755544337,2,3,0
NY3304334,0,0.2289235058070439,1,3,0
NY3304336,1,0.3574635491112501,3,4,0
NY3304343,0,0.1939343250583589,2,1,0
NY3304344,0,0.2105441264617578,1,4,0
NY3304347,0,0.1769495312464703,1,1,0
NY3316112,0,0.21089725347638497,1,3,0
NY3400784,1,0.15375202187994616,1,3,0
NY3401150,0,0.2987268531216629,1,1,0
NY3401151,0,0.14468425031355528,1,5,0
NY3401156,0,0.12999491337312605,1,5,0
NY3401170,0,0.19058591956607365,1,2,0
NY3404514,0,0.20621185174432285,1,2,0
NY3411948,0,0.1397191027033479,2,1,0
NY3430008,0,0.15975680692904343,1,5,0
NY3430034,0,0.12346856246421126,1,4,0
NY3430041,0,0.07719086674196728,1,3,0
NY3503524,1,0.48761708079944954,2,5,0
NY3503526,1,0.648073717941026,2,3,1
NY3503528,0,0.2880425955813624,2,1,0
NY3503531,1,0.6512777006934711,2,4,1
NY3503532,0,0.3503939248301682,1,5,0
NY3503534,0,0.3071544731863891,1,4,0
NY3503535,1,0.5407230751378735,2,4,1
NY3503536,1,0.301622989803097,1,4,0
NY3503542,1,0.1638640056291949,3,1,0
NY3503549,0,0.5031400546734062,1,1,1
NY3503553,0,0.1927053696584529,3,4,0
NY3503554,0,0.18101964796404948,1,2,0
NY3503559,0,0.3051118652016372,3,5,0
NY3503561,0,0.4259423162686425,2,1,0
NY3503567,0,0.495597358069126,2,3,0
NY3503573,1,0.6665365587983497,3,3,1
NY3503578,1,0.3432384686186683,2,2,0
NY3503580,1,0.5142548809485107,3,3,1
NY3503627,1,0.7694737976915977,5,3,1
NY3504069,0,0.15443840437576006,3,4,0
NY3511338,0,0.48194108069688246,1,2,0
NY3511887,0,0.2792389216399817,1,4,0
NY3522798,0,0.32988571825928903,1,1,0
NY3600596,0,0.2913309815512389,1,1,0
NY3600600,0,0.2816071381859412,1,2,0
NY3630023,1,0.5181138992570727,1,4,1
NY3704355,0,0.25059840661710836,1,2,0
NY3704361,0,0.24880701463273552,1,5,0
NY3730037,0,0.1894563862086499,1,4,0
NY3800154,0,0.2390334666373853,1,5,0
NY3802590,0,0.13353124062603797,1,2,0
NY3830002,0,0.10185836739706099,1,5,0
NY3903641,0,0.4511395886482051,1,2,0
NY3922421,0,0.4684437165278545,1,3,0
NY4100041,0,0.38752426499354836,1,1,0
NY4100044,0,0.20115174000445393,1,1,0
NY4100050,0,0.5324695254487201,1,2,1
NY4100051,0,0.22095814188299606,1,1,0
NY4110144,0,0.22969181060582008,1,1,0
NY4130243,0,0.16554787151789177,1,2,0
NY4130338,0,0.19798149296140735,1,1,0
NY4303666,1,0.6518002032310601,1,2,1
NY4303673,1,0.7480170177221412,34,3,1
NY4303675,1,0.8333501790054368,1,5,1
NY4404381,0,0.08157604709393367,5,5,0
NY4404385,0,0.11901335815304713,1,2,0
NY4404390,0,0.3096777404183369,1,5,0
NY4404394,0,0.18513471481847663,1,2,0
NY4404397,0,0.33395533627111296,1,5,0
NY4500162,0,0.5271145944064923,1,2,1
NY4500164,0,0.19272382406666036,1,4,0
NY4500166,0,0.4869617133670671,1,2,0
NY4500168,1,0.3611601200552071,2,5,0
NY4500170,0,0.3497513853186279,1,3,0
NY4500173,0,0.1959431287690947,2,1,0
NY4500175,1,0.3664297555985716,6,2,0
NY4500177,0,0.15973288621854131,2,2,0
NY4500178,0,0.3580214018173849,1,2,0
NY4500186,0,0.5096228324764578,4,3,1
NY4505658,0,0.5504001242069737,2,2,1
NY4511620,0,0.2185496511503695,2,3,0
NY4519111,0,0.3213004598774144,2,5,0
NY4530240,0,0.15154114538583127,1,4,0
NY4600069,0,0.5360245633848265,1,1,1
NY4600071,1,0.49703881965098606,1,5,0
NY4600073,0,0.3652150792016277,1,3,0
NY4600091,1,0.5885422093609726,1,4,1
NY4700094,0,0.13884783232947398,1,3,0
NY4901198,0,0.1857682561568855,1,4,0
NY4901199,0,0.0856063206309435,1,3,0
NY5001206,0,0.11543634233937705,4,2,0
NY5001209,1,0.30704388863350224,2,1,0
NY5001212,1,0.31523440317945894,5,3,0
NY5001215,0,0.14048589228007227,2,4,0
NY5103263,0,0.3510781071060126,11,2,0
NY5103266,1,0.1554201855664117,1,2,0
NY5103271,1,0.37340668313545855,12,4,0
NY5103276,0,0.18438709890022928,7,5,0
NY5103280,0,0.0690032800703159,2,5,0
NY5103704,1,0.16061910518900768,5,5,0
NY5103705,1,0.4189751778882727,10,5,0
NY5105656,0,0.5004220455538203,1,1,1
NY5110526,1,0.24469710175662107,242,1,0
NY5111891,1,0.43145198158662207,4,3,0
NY5203324,1,0.3873003092231521,6,2,0
NY5203329,1,0.11632861558379393,3,1,0
NY5203330,0,0.11585780302889387,1,3,0
NY5203337,1,0.3553038066047928,2,5,0
NY5203348,0,0.18559238745657736,3,5,0
NY5203353,0,0.1544790271098396,1,2,0
NY5304409,0,0.33669736858915705,2,5,0
NY5304410,1,0.19026083787645348,4,5,0
NY5330037,0,0.13453862782221743,1,5,0
NY5404416,0,0.24961172364115192,1,4,0
NY5404419,1,0.3132235348048556,1,1,0
NY5417686,0,0.225340482958031,1,2,0
NY5503367,0,0.08249607473989112,1,2,0
NY5503368,0,0.15723497443571618,1,3,0
NY5503374,1,0.1919631178818044,1,5,0
NY5503379,0,0.36940758514167804,1,3,0
NY5503382,0,0.08772444755613695,1,1,0
NY5503386,0,0.1069991961964218,1,2,0
NY5503390,0,0.15861312216011306,1,4,0
NY5503392,0,0.11719035114645338,1,3,0
NY5510590,0,0.38149819074739616,1,3,0
NY5600104,1,0.3173267130838882,1,3,0
NY5600114,0,0.4081860486446002,1,5,0
NY5700119,1,0.14054601066894715,1,4,0
NY5700123,0,0.08824605673964257,1,4,0
NY5704191,0,0.2517296692501527,1,5,0
NY5722361,0,0.06153429574091412,1,3,0
NY5801231,0,0.1239382675155906,1,4,0
NY5801232,0,0.2790614295722837,1,4,0
NY5801233,0,0.1901851458475397,1,4,0
NY5801235,0,0.2248358750052214,1,3,0
NY5801247,1,0.08469551040326978,1,3,0
NY5801257,0,0.1786437165549722,3,2,0
NY5801258,0,0.29672995115053524,1,3,0
NY5821130,0,0.08172310909214693,1,3,0
NY5903150,1,0.39530170860089914,1,2,0
NY5903419,1,0.2537849078721535,1,4,0
NY5903420,0,0.335491490135996,1,2,0
NY5903423,0,0.4514120630222602,1,5,0
NY5903425,0,0.4252775786495916,1,1,0
NY5903427,0,0.3929387582509941,1,3,0
NY5903429,0,0.29371420039986024,1,4,0
NY5903432,0,0.5730583801367074,1,2,1
NY5903433,0,0.390192456838951,1,3,0
NY5903435,0,0.3841553156059608,2,4,0
NY5903437,1,0.6057200349880809,2,1,1
NY5903441,0,0.3942059214389179,2,4,0
NY5903442,0,0.507341769437235,1,1,1
NY5903444,0,0.6472261262731365,1,3,1
NY5903450,0,0.4195415236286625,1,5,0
NY5903451,1,0.47471005928715304,1,1,0
NY5903452,0,0.663450806403402,1,3,1
NY5903455,0,0.6054213470477626,1,1,1
NY5903456,1,0.5403831642355424,2,2,1
NY5903457,0,0.3606914826302837,2,3,0
NY5903461,0,0.5689937230072427,1,2,1
NY5903464,0,0.2509979068965751,2,2,0
NY5903465,0,0.21919957850985322,2,3,0
NY5903469,1,0.3367485167137702,2,4,0
NY5903482,0,0.4032391468432177,1,5,0
NY5906659,1,0.31374658529811483,1,3,0
NY5917221,1,0.8167437725206977,1,5,1
NY5930082,0,0.36799537087671597,1,5,0
NY6000613,0,0.18252378325895477,1,1,0
NY6000618,0,0.2147022789935091,1,5,0
NY6101263,1,0.1490300012100661,1,2,0
NY7003493,0,0.49504093744333705,4,2,0
PA1090001,1,0.9092521895547114,1,1,1
PA1090005,1,0.9203523719915393,3,1,1
PA1090022,1,0.7643876318262048,1,4,1
PA1090026,0,0.6515417384545268,1,3,1
PA1090037,0,0.6278697121916417,1,3,1
PA1090043,1,0.8818203808518349,4,1,1
PA1090046,1,0.894312074303238,4,3,1
PA1090063,1,0.8574501625961019,3,5,1
PA1090069,1,0.7846208088776379,3,3,1
PA1090070,1,0.8940781654957056,13,4,1
PA1090074,1,0.7072434271785311,3,1,1
PA1090078,1,0.9181882617068197,2,4,1
PA1090079,1,0.6874609933142787,4,4,1
PA1090081,1,0.8373295531138466,5,4,1
PA1090082,1,0.7553458113713504,8,3,1
PA1090089,1,0.8715528823971439,16,2,1
PA1090117,1,0.8287338448856433,4,2,1
PA1090125,1,0.7120245626829648,3,3,1
PA1090127,1,0.7010531211164973,2,5,1
PA1090128,1,0.7757772817301709,8,4,1
PA1090131,1,0.7287180039930967,3,3,1
PA1090137,1,0.46559325714059757,2,2,0
PA1090144,1,0.6118187680006051,4,1,1
PA1090329,1,0.7691332976421883,1,5,1
PA1090962,1,0.6233923145023105,1,5,1
PA1150026,1,0.7081252314196569,1,2,1
PA1150035,1,0.8913572208646778,7,5,1
PA1150066,1,0.8479656432088513,2,3,1
PA1150077,1,0.8149683026568701,1,5,1
PA1150089,1,0.859613612999816,4,3,1
PA1150098,1,0.905827219287091,2,3,1
PA1150106,1,0.6320929661439605,1,5,1
PA1150108,1,0.8481428286061005,3,4,1
PA1150137,1,0.8988135356431365,7,5,1
PA1150165,1,0.9119787833952179,2,1,1
PA1150166,1,0.7769173560402943,5,1,1
PA1230004,1,0.7001935337804243,1,4,1
PA1230012,1,0.4399308422539053,4,5,0
PA1460020,1,0.6339428257342863,9,3,1
PA1460022,1,0.7988827565376175,7,5,1
PA1460028,1,0.9305294064972179,3,1,1
PA1460033,1,0.8240696284992944,11,5,1
PA1460034,1,0.6412491789404317,5,2,1
PA1460037,1,0.573892686740879,1,1,1
PA1460042,1,0.9104641402704547,4,2,1
PA1460046,1,0.7623502733310243,1,5,1
PA1460048,1,0.8866649498473093,7,3,1
PA1460050,1,0.8586518867018438,7,1,1
PA1460055,1,0.852696087090852,8,3,1
PA1460069,1,0.7413016211466833,5,5,1
PA1460073,1,0.8834233611699278,19,4,1
PA1460085,1,0.9307897632822256,8,1,1
PA1460492,1,0.8928057549452276,1,1,1
PA1461065,1,0.40515955447928664,1,1,0
PA1510001,1,0.7948682158135015,3,5,1
PA2080028,0,0.38581687246368,1,2,0
PA2080029,0,0.1523267759221806,2,1,0
PA2350833,1,0.21373192913636263,2,1,0
PA2359001,0,0.19987002933387574,1,4,0
PA2359008,1,0.5103319683677284,8,2,1
PA2400054,1,0.27457123273628303,5,4,0
PA2400076,1,0.7216548329973246,7,1,1
PA2400115,1,0.16567578371958533,1,2,0
PA2400370,1,0.30909106383963286,1,4,0
PA2400806,1,0.37685108097569414,4,2,0
PA2408001,0,0.20435151265150667,1,3,0
PA2409002,0,0.2739461453383241,1,3,0
PA2409003,1,0.144545213400566,1,1,0
PA2409010,0,0.248834991823805,1,5,0
PA2409011,0,0.43743869744732206,1,2,0
PA2409013,0,0.3374519606448157,1,2,0
PA2450020,0,0.4753638746058092,2,4,0
PA2450023,0,0.43932888438545925,5,3,0
PA2450034,0,0.3299240965729884,4,4,0
PA2450053,0,0.40625570283936296,1,2,0
PA2450063,1,0.708009122686642,10,4,1
PA2450065,0,0.5879314266042959,7,2,1
PA2450542,1,0.22857193048337832,1,5,0
PA2450677,0,0.21987388689383797,1,3,0
PA2520033,0,0.5777876214638414,5,4,1
PA2520037,1,0.23844030175049766,6,5,0
PA2520062,0,0.3111511891287138,4,3,0
PA2520941,0,0.09802929875032115,4,4,0
PA2580024,0,0.17360550785547602,2,1,0
PA2590038,0,0.15208507626372939,1,3,0
PA2590042,0,0.12494267764071731,1,2,0
PA2640018,0,0.33076153919432194,4,3,0
PA2640025,0,0.4967866490681552,5,5,0
PA2660010,0,0.18981553342021312,1,1,0
PA2660014,1,0.16377400540693804,4,4,0
PA3060010,0,0.48982702446234416,1,1,0
PA3060012,1,0.23547498477549353,3,4,0
PA3060018,1,0.9204938787200385,3,1,1
PA3060029,0,0.5931838237780012,3,2,1
PA3060035,0,0.5643325604622162,2,4,1
PA3060038,1,0.8072567574506501,8,4,1
PA3060041,0,0.5599210657998737,1,1,1
PA3060052,1,0.45967069868546084,3,2,0
PA3060059,1,0.5654645369267185,1,3,1
PA3060067,1,0.7386070592310519,4,5,1
PA3060069,1,0.7625323927334949,7,5,1
PA3060076,1,0.7619528156234688,7,5,1
PA3060078,1,0.6522194036348109,1,2,1
PA3060080,0,0.41882091080749206,3,2,0
PA3060081,0,0.2572409141707444,1,3,0
PA3060082,1,0.7691853918262362,2,3,1
PA3060083,1,0.8125198950757415,1,4,1
PA3060088,1,0.621547721021606,12,4,1
PA3060094,0,0.6651159962571319,1,4,1
PA3060681,0,0.38083980040206217,3,5,0
PA3061067,1,0.4888683971932883,1,4,0
PA3130004,0,0.29825498732773126,1,1,0
PA3130009,0,0.1474334692286663,1,4,0
PA3130012,1,0.15726626513718628,2,5,0
PA3130308,0,0.3079807890353648,1,2,0
PA3390024,1,0.579704223658344,2,1,1
PA3390032,1,0.8404705638620179,4,4,1
PA3390039,0,0.5314451236671703,2,2,1
PA3390044,1,0.7014431440657237,1,2,1
PA3390055,1,0.5520727837410566,1,5,1
PA3390062,1,0.5705839109099826,1,1,1
PA3390065,1,0.7721900689027793,9,1,1
PA3390073,1,0.7775932900098271,14,1,1
PA3390077,1,0.595379919693605,5,5,1
PA3390081,1,0.701756277709006,5,4,1
PA3391032,0,0.49909831122209247,1,3,0
PA3480015,0,0.33468964664335576,1,3,0
PA3480027,0,0.5966619388496477,1,5,1
PA3480038,0,0.2676195050212667,2,5,0
PA3480046,0,0.509349663622353,1,5,1
PA3480050,0,0.23712605566085304,1,2,0
PA3480052,0,0.7767174330744543,3,4,1
PA3480055,0,0.7453712041773526,2,1,1
PA3480057,0,0.610523614593689,1,2,1
PA3480816,1,0.2560529420601743,1,3,0
PA3540011,0,0.4536998579575922,1,2,0
PA3540012,0,0.2383296090512636,1,3,0
PA3540014,0,0.20469311529921075,2,2,0
PA3540017,0,0.18075991529533253,3,3,0
PA3540030,1,0.2164714299088462,1,3,0
PA3540032,1,0.5326579643291929,1,3,1
PA3540035,0,0.21683754222824175,1,5,0
PA3540038,0,0.510610932079395,4,2,1
PA3540041,0,0.5019828111804087,1,5,1
PA3540044,1,0.18273966368938893,1,5,0
PA3540047,0,0.31230317597970364,3,3,0
PA4050002,0,0.22094262713751722,1,2,0
PA4050028,0,0.06745172801507965,1,2,0
PA4050029,0,0.4951166620690711,1,4,0
PA4070017,0,0.2999854254767995,1,5,0
PA4070021,0,0.16899972598180846,1,1,0
PA4110003,0,0.09740490694394704,3,5,0
PA4110009,0,0.4696071480821835,2,3,0
PA4110013,0,0.239918380820918,2,4,0
PA4110017,0,0.10426088265970493,1,3,0
PA4110023,1,0.45446403500568555,1,3,0
PA4110027,0,0.48914133252058595,2,3,0
PA4110034,0,0.16298136186065196,1,5,0
PA4110041,0,0.5191770743202602,2,3,1
PA4110060,0,0.29948062859012864,3,4,0
PA4110299,0,0.30875303358542866,1,1,0
PA4140075,0,0.3817560044152392,2,1,0
PA4140077,0,0.27544151095176367,1,5,0
PA4140082,1,0.2998231877739997,2,3,0
PA4140087,0,0.5338647138496461,2,4,1
PA4140095,0,0.22490641103868325,1,1,0
PA4140096,0,0.12032256293727843,5,2,0
PA4140098,1,0.13263537304664316,3,5,0
PA4140118,1,0.23210392445138328,2,4,0
PA4180048,0,0.3698972662287396,1,5,0
PA4180049,0,0.14322966306557308,1,3,0
PA4190008,0,0.2869896395433592,1,1,0
PA4190013,1,0.33223799041842633,1,5,0
PA4190017,0,0.14079582035709906,1,5,0
PA4190398,0,0.24374498661513802,2,2,0
PA4310012,0,0.22083864908198197,1,1,0
PA4310016,0,0.309983634763529,3,3,0
PA4340008,0,0.04274474563744154,1,4,0
PA4410156,0,0.2147289533272854,2,4,0
PA4410166,0,0.6019521024866897,1,5,1
PA4410173,1,0.14420140820908744,1,2,0
PA4410175,1,0.4428744592780989,2,3,0
PA4440010,0,0.1259107890305586,1,3,0
PA4470007,0,0.16277864396835184,1,5,0
PA4470012,0,0.09873073772575051,1,3,0
PA4490007,0,0.3145844285818122,1,5,0
PA4490023,0,0.21589144380631364,2,5,0
PA4490024,0,0.18153783799383266,2,2,0
PA4550005,0,0.2109534324144503,3,5,0
PA4560013,0,0.18955117920435735,1,1,0
PA4560020,0,0.23934429494089984,1,5,0
PA4560024,0,0.280815256626851,3,2,0
PA4560042,0,0.23083662824558066,3,2,0
PA4560046,0,0.12303766294534658,1,5,0
PA4560048,1,0.16065899350239568,4,5,0
PA4600012,0,0.07298616700572343,1,4,0
PA5020006,0,0.25731008448306913,1,4,0
PA5020010,1,0.45791782134667336,2,1,0
PA5020011,1,0.4770565584137654,1,3,0
PA5020012,0,0.38581673284311596,1,3,0
PA5020015,0,0.6162193690198836,2,3,1
PA5020018,0,0.5628671356856996,1,4,1
PA5020019,0,0.3498724978829358,2,1,0
PA5020025,0,0.30229946272675556,1,2,0
PA5020027,1,0.14781591441474884,3,3,0
PA5020029,0,0.29209537493177806,1,3,0
PA5020034,1,0.5792847115332009,4,3,1
PA5020036,0,0.4026412659204144,1,2,0
PA5020038,0,0.13516823288187013,1,3,0
PA5020039,0,0.5310331994103917,3,2,1
PA5020040,0,0.42271481149501056,1,3,0
PA5020041,0,0.33030437902846843,3,4,0
PA5020043,0,0.3346421152603081,2,3,0
PA5020045,0,0.5777525290239407,1,2,1
PA5020047,0,0.3324786144946785,1,4,0
PA5020050,1,0.6061231140502447,1,1,1
PA5020053,1,0.621466935779398,1,3,1
PA5020055,0,0.5394345426722866,1,1,1
PA5020056,0,0.47295710983378436,2,2,0
PA5020076,1,0.4371717897839249,2,5,0
PA5020078,0,0.6120478626184802,2,2,1
PA5020108,0,0.2985192611825033,1,3,0
PA5020806,0,0.2747770198335337,2,2,0
PA5020808,0,0.22711909736589522,1,4,0
PA5020883,1,0.15803142031635725,1,1,0
PA5020898,0,0.2747770198335337,2,2,0
PA5020947,1,0.15648943770945373,1,2,0
PA5020955,0,0.21878432988233465,1,5,0
PA5030004,0,0.2472066482013127,1,4,0
PA5030006,0,0.24744643346712988,1,4,0
PA5030008,0,0.24580139506435963,1,2,0
PA5030019,0,0.2337680562481716,1,4,0
PA5030043,0,0.2931818967079407,1,5,0
PA5040006,0,0.596018374216035,1,1,1
PA5040007,0,0.4273740225487815,1,3,0
PA5040008,0,0.4510148819692831,1,1,0
PA5040009,1,0.6398423294850772,1,2,1
PA5040010,1,0.43212216919807506,2,4,0
PA5040012,1,0.4853015560581443,1,2,0
PA5040017,1,0.4735277384841805,1,2,0
PA5040039,1,0.6477497602077352,1,4,1
PA5040063,0,0.6850626399455896,1,4,1
PA5040080,0,0.6322152334726623,1,3,1
PA5040085,1,0.3764743218633628,3,4,0
PA5100012,0,0.3226506522364824,1,4,0
PA5100042,0,0.39687084480064994,1,5,0
PA5100071,0,0.17549678348992104,1,4,0
PA5100079,0,0.1482046513117753,2,1,0
PA5100080,0,0.30301023149989437,1,2,0
PA5100093,1,0.6245845907638764,1,3,1
PA5100094,0,0.5700244574106096,1,3,1
PA5100141,0,0.5435952412675294,1,4,1
PA5260004,0,0.16325422531778144,1,4,0
PA5260005,0,0.4181849783792565,2,5,0
PA5260006,0,0.22704955865370594,2,5,0
PA5260009,0,0.15498866122987265,2,3,0
PA5260011,0,0.6016826008102699,4,2,1
PA5260013,0,0.15022095095563354,1,3,0
PA5260019,0,0.35800291632060455,1,2,0
PA5260020,0,0.09784481280525799,2,4,0
PA5260022,0,0.1331125018598727,2,1,0
PA5260032,0,0.22110894277454912,2,2,0
PA5260036,0,0.34340107496893685,1,4,0
PA5300012,0,0.4651458369716458,1,3,0
PA5300017,0,0.20418664437320758,1,4,0
PA5320006,0,0.45015611426651725,1,3,0
PA5320025,0,0.22506989273048916,1,2,0
PA5320040,0,0.09886427812779147,1,4,0
PA5320109,0,0.28142963082867367,1,3,0
PA5630039,0,0.11270017994173831,1,4,0
PA5630044,0,0.16795933324643522,1,4,0
PA5630045,0,0.1992174318127222,1,5,0
PA5650032,0,0.1782670819301285,1,1,0
PA5650049,1,0.33859089723644337,1,3,0
PA5650060,0,0.46479640978313524,1,1,0
PA5650069,1,0.20738686027035622,2,3,0
PA5650070,0,0.3969716314931856,1,2,0
PA6120002,0,0.029469847368799304,1,4,0
PA6160001,0,0.2416421953311303,1,4,0
PA6170008,1,0.1617423632497451,2,4,0
PA6170013,0,0.05718502203209966,1,4,0
PA6170016,0,0.223077113223016,1,2,0
PA6170023,0,0.1013368236210107,1,1,0
PA6170041,0,0.04675472053119891,1,4,0
PA6170048,0,0.5252727566567618,2,2,1
PA6200015,0,0.17184005851585568,1,1,0
PA6200036,0,0.31763198920498464,1,1,0
PA6200051,1,0.28313805165809564,1,4,0
PA6240012,0,0.1419493493039323,1,3,0
PA6240016,0,0.2637214316987216,1,5,0
PA6250007,0,0.22963325826447953,2,1,0
PA6250012,0,0.22998394673302935,1,5,0
PA6250022,0,0.5700448505436265,1,3,1
PA6250028,0,0.21794107609720184,2,5,0
PA6250040,0,0.3588199456145722,1,4,0
PA6250049,0,0.26516673793222745,3,4,0
PA6250061,0,0.13708232217660488,1,4,0
PA6250064,0,0.3219858162450054,1,1,0
PA6250065,0,0.24683490142766812,1,1,0
PA6250087,0,0.248929988867232,1,5,0
PA6250090,0,0.42976692839060193,2,5,0
PA6250092,0,0.4370319780164618,1,3,0
PA6270008,0,0.25213067517138704,1,4,0
PA6330002,0,0.17177047444099566,2,1,0
PA6330004,1,0.30008067983662967,1,1,0
PA6330010,0,0.2127592358522197,1,2,0
PA6370011,1,0.3552018202250452,1,3,0
PA6370034,1,0.32986173207085634,1,3,0
PA6370035,0,0.1673103208630175,1,4,0
PA6420014,0,0.12150658115864893,1,5,0
PA6420019,0,0.21135586505424506,1,4,0
PA6430037,0,0.3619446223353236,1,1,0
PA6430054,1,0.2884165550969096,1,1,0
PA6430055,1,0.1728402451891914,1,4,0
PA6430059,0,0.348446135293371,1,2,0
PA6610020,1,0.3414662346729844,2,4,0
PA6610023,0,0.20197397749513857,1,2,0
PA6610031,0,0.4038604570544783,2,3,0
PA6620020,0,0.1889091910633557,1,3,0
PA7010019,1,0.4430800933409083,7,3,0
PA7010022,1,0.7716497861709231,7,5,1
PA7010025,1,0.5314264340373156,2,2,1
PA7010952,1,0.1935169950718568,1,4,0
PA7210002,1,0.29869409176087675,1,5,0
PA7210028,1,0.6780386807532344,4,4,1
PA7210029,1,0.5220752749033101,2,5,1
PA7210041,0,0.32306997508314483,1,4,0
PA7210043,0,0.204156436752589,4,3,0
PA7210046,1,0.18490305666966042,2,2,0
PA7210049,0,0.5764138138625453,2,1,1
PA7210050,0,0.3935974845835319,3,5,0
PA7210063,0,0.5023012761376493,2,1,1
PA7220015,1,0.42589576265265017,2,3,0
PA7220017,1,0.41686024192199533,1,2,0
PA7220034,1,0.1321243036789436,2,4,0
PA7220036,0,0.5078065219706136,1,1,1
PA7220038,1,0.5973716324037156,5,1,1
PA7220049,0,0.4650820250534439,1,5,0
PA7220059,0,0.496357449360765,2,1,0
PA7280005,0,0.11097534458585231,1,4,0
PA7280014,0,0.5251596100465319,1,3,1
PA7280026,0,0.5177873420961173,5,3,1
PA7280032,0,0.45674337461807923,2,2,0
PA7280038,0,0.17866302732399802,3,4,0
PA7280043,1,0.33032028432543825,2,4,0
PA7280045,0,0.5041057152280058,1,3,1
PA7280369,0,0.3255489024053881,1,4,0
PA7360017,0,0.25357989534886893,2,3,0
PA7360025,0,0.726177419150384,1,1,1
PA7360045,1,0.5617815269674853,3,4,1
PA7360058,1,0.49035423013039353,2,5,0
PA7360078,1,0.4650602255582701,1,5,0
PA7360083,1,0.7761632799544881,1,3,1
PA7360091,0,0.4952696436957145,2,4,0
PA7360099,1,0.398058296906915,4,2,0
PA7360113,1,0.7058136553417593,10,2,1
PA7360116,0,0.6280580276362133,1,3,1
PA7360123,0,0.64856147688075,3,4,1
PA7360124,1,0.7316330520783131,6,3,1
PA7360126,1,0.5616435165334807,1,1,1
PA7360127,1,0.5252742221161615,1,3,1
PA7360128,1,0.5201608626674469,2,4,1
PA7360135,1,0.7367029165011475,2,3,1
PA7360140,1,0.7439251033913115,3,1,1
PA7360143,0,0.8095313103437558,2,5,1
PA7360345,1,0.2413054052168607,3,2,0
PA7380010,0,0.2332844925943273,1,5,0
PA7380025,0,0.48448137456695256,1,5,0
PA7381001,0,0.5313688635853047,1,1,1
PA7500030,0,0.12086902644418646,3,2,0
PA7670061,1,0.4736916155914482,6,3,0
PA7670062,1,0.8086296238840646,5,4,1
PA7670071,1,0.3615782455373151,4,1,0
PA7670073,1,0.867475979231942,9,2,1
PA7670076,1,0.36582686818161514,1,2,0
PA7670082,1,0.8721645306852546,5,1,1
PA7670085,0,0.7862634636406085,1,3,1
PA7670086,0,0.422847981864711,1,3,0
PA7670088,1,0.5966917152423288,8,5,1
PA7670097,0,0.521721588312954,1,4,1
PA7670100,0,0.5708123477764901,1,1,1
PA7670101,1,0.5659949151139163,3,5,1
RI1000016,1,0.5147924816981782,2,3,1
RI1559511,1,0.6699138015640389,5,2,1
RI1559512,1,0.504767469876542,7,1,1
RI1559517,1,0.6666220089296815,6,2,1
RI1559518,1,0.7520711259282329,1,2,1
RI1583829,0,0.2813535770371554,2,5,0
RI1592010,1,0.559063670612753,2,2,1
RI1592018,0,0.5211372408654176,2,1,1
RI1592021,1,0.7419965231293814,1,5,1
RI1592022,0,0.6622603747619661,1,1,1
RI1592024,0,0.7484404371487581,1,4,1
RI1592025,1,0.789878440395561,3,3,1
RI1615610,0,0.5550205043069402,1,4,1
RI1615616,0,0.5936188192137607,1,5,1
RI1615623,1,0.663180431539603,2,5,1
RI1615624,0,0.7493118930363514,2,3,1
RI1615627,0,0.5599226405244748,3,4,1
RI1647515,0,0.558771752187515,1,2,1
RI1647530,1,0.8198818686435454,5,5,1
RI1858410,0,0.42637449092024426,1,2,0
RI1858419,1,0.6689022956218146,1,4,1
RI1858421,1,0.7208940577515569,3,5,1
RI1858422,1,0.5498433753775144,1,4,1
RI1858423,0,0.6815333103235974,1,5,1
RI1858428,0,0.6025966929009335,1,5,1
RI1858429,1,0.33324242631567885,2,2,0
RI1858430,0,0.18136909248596078,1,3,0
RI2980469,0,0.4572277810470722,1,4,0
VT0005001,0,0.4879062378289739,1,3,0
VT0005004,0,0.07937310569049659,3,4,0
VT0005010,0,0.37891748022402605,1,5,0
VT0005016,0,0.1357778185884323,2,1,0
VT0005017,0,0.08357917427898995,1,5,0
VT0005022,0,0.09222204844939566,2,1,0
VT0005024,0,0.10600716433770918,2,2,0
VT0005040,0,0.10158255917483382,1,2,0
VT0005045,0,0.3570393127753006,1,5,0
VT0005053,0,0.1834832876016191,1,2,0
VT0005059,1,0.3213258170169808,1,1,0
VT0005060,0,0.16891496208695925,1,1,0
VT0005065,0,0.21125700064444722,1,4,0
VT0005066,0,0.24251431560798956,1,4,0
VT0005079,0,0.1649079975144513,1,4,0
VT0005084,0,0.2968579617438154,1,4,0
VT0005087,0,0.2672711753286724,1,2,0
VT0005091,0,0.13761219945306416,1,5,0
VT0005098,0,0.49662468639359525,1,4,0
VT0005102,0,0.17776103673133084,1,5,0
VT0005130,0,0.5200554786251389,2,4,1
VT0005160,0,0.11570795600517293,1,2,0
VT0005202,0,0.06809301283251468,1,4,0
VT0005211,0,0.0910598793259745,2,5,0
VT0005229,0,0.09499238121508453,1,4,0
VT0005254,0,0.13335484384005772,1,5,0
VT0005272,0,0.07502599690352695,1,1,0
VT0005275,0,0.06541328763363419,1,2,0
VT0005284,0,0.3546834007708582,2,4,0
VT0005290,0,0.39131784458648095,2,4,0
VT0005298,0,0.27171029287486137,1,5,0
VT0005305,0,0.19704474261702548,3,2,0
VT0005319,0,0.2920224387699353,2,2,0
VT0005529,1,0.10009373411531505,1,2,0
VT0005565,0,0.5253530994684869,2,4,1
VT0021079,0,0.16819282758102147,1,5,0
